continent,funding
Africa,0.266463333
Asia,1.379894723
Europe,7.254617987
North America,43.00795904
South America,2.074780739
Australia,6.101917796